Filial,Faturamento,Avaliação média,Frete médio,Score_ruim
loja1,1534509.12,3.976685036032217,34.69180491551149,1.018
loja4,1384497.58,3.9957591178965224,31.27899708184173,1.012
loja2,1488459.06,4.037303942348453,33.62194065817927,1.002
loja3,1464025.03,4.048325561678677,33.074464274117425,0.999
